﻿[
  {
    "name": "Kỳ án ánh trăng",

    "Author": "Quỷ Cổ Nữ",
    "imgSrc": "../image/imvBook/kyananhtrang.jpg"
  },
  {
    "name": "Nhà giả kim",

    "Author": "Paulo Coelho",
    "imgSrc": "../image/imvBook/nhagiakim.jpg"
  },
  {
    "name": "Vòng tròn máu",

    "Author": "Edgar Wallace",
    "imgSrc": "../image/imvBook/vongtronmau.jpg"
  },
  {
    "name": "Trước khi nhắm mắt",
    "Author": "Higashino Keigo",
    "imgSrc": "../image/imvBook/truockhinhammat.jpg"
  },
  {
    "name": "Trời sinh vụng về",
    "Author": "Lư Tử Hạo",
    "imgSrc": "../image/imvBook/troisinhvungve.jpg"
  },
  {
    "name": "Thiên thần và ác quỷ",

    "Author": "Dan Brown",
    "imgSrc": "../image/imvBook/thienthanacquy.jpg"
  },
  {
    "name": "Minato Kanae",

    "Author": "kanae",
    "imgSrc": "../image/imvBook/thutoi.jpg"
  },
  {
    "name": "Tiếng chim hot trong bụi ngò gai",

    "Author": "Colleen McCullough",
    "imgSrc": "../image/imvBook/Tiengchimhot2012.jpg"
  },
  {
    "name": "Tội lỗi không chứng cứ",

    "Author": "Tử Kim Trần",
    "imgSrc": "../image/imvBook/toiloikhongchungcu.jpg"
  },
  {
    "name": "Suối nguồn",
    "Author": "Ayn Rand",
    "imgSrc": "../image/imvBook/suoinguon.jpg"
  },
  {
    "name": "Chú chó không nhà",

    "Author": "Sarah Lean",
    "imgSrc": "../image/imvBook/chuchokhongnha.png"
  },

  {
    "name": "Origin",

    "Author": "Dan Brown",
    "imgSrc": "../image/imvBook/origin.jpg"
  },
  {
    "name": "Lược sử loài người",

    "Author": "Yuval Noah Harari",
    "imgSrc": "../image/imvBook/luocsuloainguoi.jpg"
  },
  {
    "name": "Dám bị ghét",

    "Author": "Kishimi Ichiro",
    "imgSrc": "../image/imvBook/dambighet.jpg"
  },
  {
    "name": "Kỳ án ánh trăng",

    "Author": "Quỷ Cổ Nữ",
    "imgSrc": "../image/imvBook/kyananhtrang.jpg"
  },
  {
    "name": "Nhà giả kim",

    "Author": "Paulo Coelho",
    "imgSrc": "../image/imvBook/nhagiakim.jpg"
  }
 
]